code,system
8CMW800,readv2
9N0k.00,readv2
8HTL000,readv2
8HTL.00,readv2
8CMK.00,readv2
14AM.00,readv2
9m5..00,readv2
1O1..00,readv2
402 C,readv2
8H2S.00,readv2
G580400,readv2
G58z.00,readv2
8HBE.00,readv2
4271H,readv2
7824FM,readv2
G580100,readv2
G58z.11,readv2
661M500,readv2
7824BW,readv2
G580.14,readv2
G581.00,readv2
G1yz100,readv2
8HHz.00,readv2
662W.00,readv2
662p.00,readv2
9Or0.00,readv2
585g.00,readv2
G580300,readv2
G580200,readv2
4270CC,readv2
4270D,readv2
G554000,readv2
425 CC,readv2
4270.00,readv2
14A6.00,readv2
G580.00,readv2
G58..00,readv2
7824FH,readv2
4270R,readv2
G5yyB00,readv2
G580.12,readv2
G580.13,readv2
G584.00,readv2
SP11111,readv2
SP11100,readv2
9N2p.00,readv2
8HHb.00,readv2
G5yyC00,readv2
G5yyA00,readv2
9Or2.00,readv2
9Or1.00,readv2
9Or5.00,readv2
9Or4.00,readv2
9Or3.00,readv2
585k.00,readv2
G581.13,readv2
679W100,readv2
679X.00,readv2
9N6T.00,readv2
8CeC.00,readv2
7824AC,readv2
G581.12,readv2
G580000,readv2
4271A,readv2
G582.00,readv2
G581000,readv2
9hH0.00,readv2
9hH1.00,readv2
ZRad.00,readv2
662f.00,readv2
388D.00,readv2
662g.00,readv2
662h.00,readv2
662i.00,readv2
G5y4z00,readv2
Q48y100,readv2
8B29.00,readv2
Q490.00,readv2
G580.11,readv2
4270C,readv2
G58z.12,readv2
G58..11,readv2
67D4.00,readv2
8CL3.00,readv2
G583.12,readv2
G583.11,readv2
G583.00,readv2
8IE0.00,readv2
8IE1.00,readv2
4271B,readv2
G581.11,readv2
R2y1000,readv2
SP11200,readv2
G5yy900,readv2
585f.00,readv2
8HgD.00,readv2
9hH..00,readv2
9N4s.00,readv2
8Hg8.00,readv2
8Hk0.00,readv2
9Or..00,readv2
662T.00,readv2
4271.00,readv2